{
  "modelo": "Regressão Logística + SMOTE",
  "features": [
    "sessoes_ult",
    "gmv_medio",
    "dias_ativos_media",
    "sessoes_media",
    "tendencia",
    "taxa_cancel",
    "tempo_casa_T",
    "meses_ativos_janela",
    "ticket_medio",
    "n_cobrancas",
    "qtd_usuarios",
    "mrr",
    "tem_avaliacao",
    "share_delivery",
    "n_features_adotadas"
  ],
  "cleaning": {
    "gmv_floor": 0.0,
    "ticket_cap": 402.2109658838341
  },
  "imputer_median": [
    666.0,
    41888.11666666667,
    25.333333333333332,
    622.5,
    0.09560975609753765,
    0.025728987993138937,
    268.0,
    6.0,
    61.501676639027814,
    7.0,
    3.0,
    348.0,
    1.0,
    0.08745421245421245,
    4.0
  ],
  "scaler_mean": [
    1102.894255210981,
    6477786.143955771,
    22.322724961870872,
    997.239010337231,
    50.29322890796364,
    0.07941864476817109,
    391.03609557702083,
    4.794102694458567,
    80.52301296330907,
    9.345195729537366,
    4.927300457549568,
    368.9373207930859,
    0.5521098118962887,
    0.28359117290563995,
    4.255210981189629
  ],
  "scaler_scale": [
    1512.3228896720002,
    284085449.3129886,
    8.702453903022949,
    1302.682264789647,
    343.20720955286527,
    0.17756281789884876,
    359.420438441533,
    1.7864671750673582,
    69.18796686817946,
    9.64833125119115,
    5.477810485032192,
    183.90194740974988,
    0.49727715361167907,
    0.35200359142615806,
    1.318570980002569
  ],
  "coef": [
    -2.605803548535956,
    -0.026016176230631103,
    -0.42118013780884767,
    1.5825039811913186,
    0.18641216202776362,
    -0.03879070951398457,
    -0.11694201028447881,
    0.17023631602684125,
    -0.3483269373007631,
    -0.206133064995235,
    -0.09004426743699796,
    0.3300813620649668,
    -0.16060199443403686,
    0.04190167788108059,
    -0.20401673132140258
  ],
  "intercept": -0.40746714816922913,
  "risk_bands": {
    "Baixo": "<0.20",
    "Médio": "0.20-0.50",
    "Alto": ">0.50"
  },
  "thresholds": {
    "medio": 0.2,
    "alto": 0.5
  },
  "cv_auc": 0.7423822195483154,
  "trained_on": {
    "n": 1967,
    "churn_rate": 0.186578546009151
  }
}